{"accuracy": [0.5115167498588562, 0.8074750304222107, 0.866145133972168, 0.8822250962257385, 0.8922207951545715, 0.9156888127326965, 0.9135158658027649, 0.9156888127326965], "loss": [3.9040660858154297, 2.543849468231201, 1.837868571281433, 1.4336488246917725, 1.1802849769592285, 0.9993792176246643, 0.9048525094985962, 0.8194022178649902], "val_accuracy": [0.6380487680435181, 0.6692683100700378, 0.6878048777580261, 0.6936585307121277, 0.6878048777580261, 0.6800000071525574, 0.680975615978241, 0.6819512248039246], "val_loss": [3.2367424964904785, 2.7985687255859375, 2.485285758972168, 2.358046293258667, 2.232696294784546, 2.2316219806671143, 2.1326711177825928, 2.3094329833984375]}